{
    "mae": 0.20556927207684442,
    "rmse": 0.25258888675122126,
    "r2": 0.8702536535824106
}